"Work","form","medieval toponym","real location","feature type","lat","long","occurrences",
"Advision","p","Poissy, abbaye de","Abbaye de Poissy, France","landmark",48.9294,2.0456,1,
"Advision","p","Athenes ","Athens, Greece","settlement",37.97945,23.71622,5,
"Advision","p","Babylone","Babylon, Iraq","ancient settlement",32.54083," 44.42417",1,
"Advision","p","Beauvais","Beauvais, France","settlement",49.43333,2.08333,1,
"Advision","p","Bologne la Grasse","Bologna, Italy","settlement",44.49381,11.33875,2,
"Advision","p","Cartaige","Carthage, Tunisia","ancient settlement",36.86667,10.33333,1,
"Advision","p","Engleterre","England","country",52.16045," -0.70318",3,
"Advision","p","Euphrate","Euphrates","river",30.57889,47.76572,1,
"Advision","p","Florence","Florence, Italy","settlement",43.77925,11.24626,1,
"Advision","p","Forlì","Forlì, Emiglia, Italy","settlement",44.22054,12.05245,,
"Advision","p","France","France","country",46," 2",,
"Advision","p","Gaule","Gaul","ancient region",45.75927,4.81989,,
"Advision","p","Alemaigne","Germany","country",51.5," 10.5",,
"Advision","p","Bretagne","Great Britain","country",54.75844,-2.69531," ",
"Advision","p","Grece","Greece","country",39,22,4,
"Advision","p","Hongrie","Hungary","country",47,20,,
"Advision","p","Alpes ytaliennes","Italian Alps","mountain",44.133611,10.214444,,
"Advision","p","Italie","Italy","country",42.83333," 12.83333",4,
"Advision","p","Jerusalem","Jerusalem","settlement",31.76904," 35.21633",,
"Advision","p","Judee","Judea","ancient region",31.58333,35,,
"Advision","p","Terre Latine","Latium ","ancient region",42.07762,12.77878,1,
"Advision","p","Lindos","Lindos, Greece","ancient settlement",36.083333,28.083333,1,
"Advision","p","Lombardie","Lombardy, Italy","region",45.66667,9.5,,
"Advision","p","Louvre","Louvre","landmark",48.86102,2.33587,,
"Advision","p","Medie","Medes, Ectabana","ancient region",34.806389,48.516111,,
"Advision","p","Sennaar","Mesopotamia","ancient region",35.1425,40.430833,,
"Advision","p","Metaponte","Metaponto, Basicilate, Italy","ancient settlement",40.374444,16.81,,
"Advision","p","Milan","Milan, Italy","settlement",45.46427,9.18951,,
"Advision","p","Milet ","Miletus","ancient settlement",37.530278,27.278333,,
"Advision","p","Ninive","Ninive, Assyria","ancient settlement",36.36762,43.15838,,
"Advision","p","Babylone","Old Cairo, Egypt","settlement",30.00737,31.23927,4,
"Advision","p","Babylone","Old Cairo, Egypt","settlement",30.00737,31.23927,,
"Advision","p","Orient","Orient","region ",,,,
"Advision","p","Orliens","Orleans, France","settlement",47.90289," 1.90389",,
"Advision","p","Paris","Paris, France","settlement",48.85341," 2.3488",6,
"Advision","p","Palais de justice","Paris, France","landmark",48.85573,2.34508,,
"Advision","p","Persia","Persia","ancient region ",29,53,,
"Advision","p","Frige","Phrygia","ancient region",38.42024,30.39093,,
"Advision","p","Picardie","Picardy, France","region",50,3.5,,
"Advision","p","Priene","Priene, Ionia","ancient settlement",37.659722,27.297778,,
"Advision","p","Rome","Rome, Italy","settlement",41.89193," 12.51133",,
"Advision","p","Salisbury","Salisbury, England","settlement",51.06931,-1.79569,,
"Advision","p","Sichem","Sichem","ancient region ",32.2225,35.2875,,
"Advision","p","Apollonia","Sozopol, Bulgaria","ancient settlement",42.416667,27.7,1,
"Advision","p","Espagne","Spain","country",40," -4",,
"Advision","p","Styx","Styx","river",,,,
"Advision","p","Thebes","Thebes, Greece","ancient settlement",38.325,23.31889,,
"Advision","p","Troie","Troy","ancient settlement",39.95732,26.23909,,
"Advision","p","Troie","Troy","ancient settlement",39.95732,26.23909,,
"Advision","p","Venise","Venice, Italy","settlement",45.43713,12.33265,,
"CentB","v","Gascongne","Gascony, France","region",43.5,0,,
"CentB","v","Romme","Rome, Italy","settlement",41.89193," 12.51133",,
"CharlesV","p","Poissi","Abbaye de Poissy, France","landmark",48.9294,2.0456,,
"CharlesV","p","Saint Denis","Abbaye de Saint Denis, France","landmark",48.935556,2.359722,,
"CharlesV","p","Saint Eloi","Abbaye de Saint Eloi de Noyon, France","landmark",50.34944,2.69361,,
"CharlesV","p","Saint-Martin (abbaie)","Abbaye de Saint Martin, Aisne ","landmark",49.990781,3.260719,,
"CharlesV","p","Abeville","Abbeville, France","settlement",50.1," 1.83333",,
"CharlesV","p","Aguillon","Aiguillon, France","settlement",44.29944,0.34083,,
"CharlesV","p","Albano","Albano, Italy","region",41.72513,12.63402,,
"CharlesV","p","Alancon","Alencon, France","settlement",48.43333,0.08333,,
"CharlesV","p","Alexandrie","Alexandria, Egypt","settlement",31.21564," 29.95527",,
"CharlesV","p","Alier","Allier","river",46.959444,3.078889,1,
"CharlesV","p","Alpes","Alps","mountain",46.41667,10,,
"CharlesV","p","Stancelle","Altavilla Irpina, Italy","settlement",41.00619,14.78093,,
"CharlesV","p","Amiens","Amiens, France","settlement",49.9,2.3,,
"CharlesV","p","Anagni","Anagni, Italy","settlement",41.74472,13.15269,,
"CharlesV","p","Université Angiers","Angers University, France","landmark",47.48,-0.601389,,
"CharlesV","p","Angiers","Angers, France","settlement",47.46667,-0.55,,
"CharlesV","p","Angolesme","Angouleme, France","settlement",45.65,0.15,,
"CharlesV","p","Angou","Anjou, France","region",47.466667,-0.55,,
"CharlesV","p","Puille","Apulia, Italy","region",41.00164," 16.73378",,
"CharlesV","p","Aragon","Aragon, Spain","region",41,-1,,
"CharlesV","p","Ardre","Ardres, France","settlement",50.85786,1.98168,,
"CharlesV","p","Arle","Arles, France","settlement",42.45654,2.63457,,
"CharlesV","p","Armaignac","Armagnac, France","region",43.75,0.16667,,
"CharlesV","p","Artevelle","Artevelde",,,,,
"CharlesV","p","Attique","Attica","region ",37.92037," 23.9035",,
"CharlesV","p","Aux","Auch, France","settlement",43.65,0.58333,,
"CharlesV","p","Endrehen","Audrehem, France","settlement",50.78111,1.99028,,
"CharlesV","p","Bondiroit","Audruicq, France","settlement",50.87795,2.07975,,
"CharlesV","p","Auneau","Auneau, France","settlement",48.46361,1.77263,,
"CharlesV","p","Aulroy","Auray, France","settlement",47.67025,-2.99183,,
"CharlesV","p","Aureille","Aureille, France","settlement",43.70821,4.94728,,
"CharlesV","p","Hausteriche","Austria","country",47.33333,13.33333,,
"CharlesV","p","Autun","Autun, France","settlement",46.95,4.3,,
"CharlesV","p","Auvergne","Auvergne, France","region",45.33333," 3",,
"CharlesV","p","Auvillier","Auvilliers, France","settlement",49.75982,1.57771,,
"CharlesV","p","Auceurre","Auxerre, France","settlement",47.8,3.56667,,
"CharlesV","p","Auverse","Aversa, Italy","settlement",40.97259,14.20745,,
"CharlesV","p","Avignon","Avignon, France","settlement",43.94834,4.80892,,
"CharlesV","p","Azincourt","Azincourt, France","landmark",50.45593,2.13534,,
"CharlesV","p","Palus de Moede","Azov","sea",46,36,,
"CharlesV","p","Babiloine","Babylon, Iraq","ancient settlement",32.54083," 44.42417"," ",
"CharlesV","p","Bauliguen","Balinghem, France","settlement",50.86111,1.94194,,
"CharlesV","p","Barbarie","Barbary","region",32,4,,
"CharlesV","p","Bar","Bari, Italy ","settlement",41.11148,16.8554,,
"CharlesV","p","Bar","Bar-le-Duc, France","settlement",48.78333," 5.16667",,
"CharlesV","p","Bastille Saint-Antoine","Bastille Saint-Antoine","landmark",48.853333,2.369167,,
"CharlesV","p","Pontvallain","Battle of Pontvallain, France","landmark",47.751156,0.192151,,
"CharlesV","p","Baviere","Bavaria, Germany","region",48," 11",,
"CharlesV","p","Baieux","Bayeux, France","settlement",49.27732,-0.7039,,
"CharlesV","p","Baione","Bayonne, France","settlement",43.48333,-1.48333,,
"CharlesV","p","Beaumont-sur-Oise","Beaumont-sur-Oise, France","settlement",49.14232,2.28705,,
"CharlesV","p","Beaulté","Beauté-sur-Marne, France","landmark",48.832778,2.475278,,
"CharlesV","p","Beauvais","Beauvais, France","settlement",49.43333,2.08333," ",
"CharlesV","p","Bergerat","Bergerac, France","settlement",44.85,0.48333,,
"CharlesV","p","Barguetes ","Berguette, France","settlement",50.60722,2.47431,,
"CharlesV","p","Berri","Berry, France","region",47,2,,
"CharlesV","p","Besancon","Besancon, France","settlement",47.24878,6.01815,,
"CharlesV","p","Beziers","Béziers, France","settlement",43.34122,3.21402,,
"CharlesV","p","Bicetre (chastel)","Bicetre","landmark",48.81471,2.36073,,
"CharlesV","p","Bierre","Bierre, Seine-et-Marne, France","region",48.49397,2.59833,,
"CharlesV","p","Blainvile","Blainville-Crevon, France","settlement",49.5042,1.3019,,
"CharlesV","p","Blandi","Blandy, France","settlement",48.31357,2.257,,
"CharlesV","p","Blanzac","Blanzac, Dordogne, France","settlement",45.18787,0.86832,,
"CharlesV","p","Blois","Blois, France","settlement",47.58333," 1.33333",,
"CharlesV","p","Bahagne","Bohemia","region",50,15,,
"CharlesV","p","Bouloigne","Bologna, Italy","settlement",44.49381,11.33875,,
"CharlesV","p","Bordeaulx","Bordeaux, France","settlement",44.84044,-0.5805,,
"CharlesV","p","Billon","Bouillon, Belgium","settlement",49.79324," 5.06704",,
"CharlesV","p","Boulougne","Boulogne-sur-mer, France","settlement",50.71667,1.61667,,
"CharlesV","p","Bourbon","Bourbon-l’Archambault, France","settlement",46.58666,3.05876," ",
"CharlesV","p","Bonclande","Bourg-Charente, France","settlement",45.66667,-0.23333,,
"CharlesV","p","Breban","Brabant","region",50.85,4.35,,
"CharlesV","p","Breine","Braine","settlement",49.34167,3.53194,,
"CharlesV","p","Brandebourg","Brandenburg, Germany","region",52.33333,13.2,,
"CharlesV","p","Brusebec","Braniewo, Poland","settlement",54.37971,19.81959,,
"CharlesV","p","Bersieres","Bressuire, Deux-Sevres, France","settlement",46.85,-0.48333,,
"CharlesV","p","Brest","Brest, France","settlement",48.4,-4.48333,,
"CharlesV","p","Bretigny","Brétigny, Eure-et-Loir, France","settlement",48.42062,1.57044,,
"CharlesV","p","Brie","Brie, France","region",48.66661,2.99976,,
"CharlesV","p","Bretaigne","Brittany, France","region",48,-3,,
"CharlesV","p","Broye (tour)","Broue, Charente-Inferieure, France","landmark",45.7874,-0.9759,,
"CharlesV","p","Brieg","Brzeg, Silesia, Poland","settlement",51.27299,16.70815,,
"CharlesV","p","Bedos","Budos","settlement",44.53369,-0.3869,,
"CharlesV","p","Bueil","Bueil-en-Touraine, France","settlement",47.6456,0.5508,,
"CharlesV","p","Borgoigne","Burgundy, France","region",47,4.5,,
"CharlesV","p","Caire","Cairo, Egypt","settlement",30.06263,31.24967,,
"CharlesV","p","Calabre","Calabria, Italy","region",39,16.5,,
"CharlesV","p","Calais","Calais, France ","settlement",50.95194,1.85635,,
"CharlesV","p","Cambray","Cambrai, France","settlement",50.16667,3.23333,,
"CharlesV","p","Capadoce","Cappadocia","region",38.73199,35.47863,,
"CharlesV","p","Capoue","Capua, Italy","settlement",41.10519,14.21269,,
"CharlesV","p","Cartage","Carthage, Tunisia","ancient settlement",36.86667,10.33333,,
"CharlesV","p","Andorte (chastel)","Castets-en-Dorthe, France","landmark",44.56194,-0.15306,,
"CharlesV","p","Castelle","Castile, Spain","region",41.66667,-4.25,,
"CharlesV","p","Chastillon","Castillon-sur-Dordogne, France","settlement",44.854,-0.043,,
"CharlesV","p","Chalons","Chalon-sur-Saone, France","settlement",46.78333,4.85,,
"CharlesV","p","Chambre des comptes","Chambre des comptes","landmark",48.855807,2.344573,,
"CharlesV","p","Champaigne","Champagne, France","region",49,4.5,,
"CharlesV","p","Ysles","Channel Islands, UK","island",49.3466,-2.36206,,
"CharlesV","p","Chantemerle","Chantemerle, France","settlemetn",48.6131,3.66,,
"CharlesV","p","Chantier du roy","Chantier du roy",,,,,
"CharlesV","p","Chapon","Chaponval",,,,,
"CharlesV","p","Chastelet","Chastelet","landmark",48.857639,2.347361,,
"CharlesV","p","Château de Pipet","Château de Pipet, Vienne, France","landmark",45.524495,4.881642,,
"CharlesV","p","Saint Germain en Laye","Chateau de Saint German en Laye","landmark",48.898056,2.096389,,
"CharlesV","p","Château de Vincennes","Château de Vincennes","landmark",48.842778,2.435833,,
"CharlesV","p","Creel","Château, Creil, France","landmark",49.25672,2.48477,,
"CharlesV","p","Chasteaugiron","Châteaugiron, France","settlement",48.04806,-1.50306,,
"CharlesV","p","Cheace","Chieti, Abruzzo, Italy","settlement",42.35,14.166667,,
"CharlesV","p","Cleremont","Clermont, France","settlement",45.77966,3.08628,,
"CharlesV","p","Clichon","Clisson, France","settlement",47.08778,-1.2825,,
"CharlesV","p","Cotherel","Cocherel, France","settlement",49.02,3.10306,,
"CharlesV","p","Cognat","Cognac, France","settlement",45.7,-0.33333,,
"CharlesV","p","College des Dormans","College des Dormans","landmark",48.849286,2.346782,,
"CharlesV","p","Compiegne","Compiègne, France","settlement",49.41794,2.82606,,
"CharlesV","p","Condat","Condat-sur-Vézère, Francesettlement",,45.118333,1.231111,,
"CharlesV","p","Conflans","Conflans-lez-Paris, France","settlement",49.00158,2.09694,,
"CharlesV","p","Corbueil","Corbeil, Seine-et-Oise, France","settlement",48.60603,2.48757,,
"CharlesV","p","Corphien","Corfou, Greece","settlement",39.62069,19.91975,,
"CharlesV","p","Couci","Coucy-le-Château-Auffrique, France","landmark",49.520278,3.3225,,
"CharlesV","p","Cour","Cour de Rome",,,,,
"CharlesV","p","Cressy","Crécy, France","settlement",50.257,1.904,,
"CharlesV","p","Chippre","Cyprus","island",35,33,,
"CharlesV","p","Dammartin","Dammartin-en-Goële, France","settlement",49.053845,2.681694,,
"CharlesV","p","Delphes","Delphi, Greece","ancient settlement",38.48179," 22.49862",,
"CharlesV","p","Darval","Derval, France","settlement",47.6675,-1.67139,,
"CharlesV","p","Digon","Dijon, France","settlement",47.31667," 5.01667",,
"CharlesV","p","Dordoigne","Dordogne, France","region",45,0.666667,,
"CharlesV","p","Dourdan","Dourdan, France","settlement",48.52772,2.01113,,
"CharlesV","p","Duras","Duras, France","settlement",44.67583,0.18278,,
"CharlesV","p","Saint Denis","Eglise de Saint Denis","landmark",48.935556,2.359722,,
"CharlesV","p","Eglise des Augustins","Eglise des Augustins","landmark",48.856711,2.333522,,
"CharlesV","p","Eglise des Celestins","Eglise des Celestins","landmark",48.850833,2.364722,,
"CharlesV","p","Eglise des freres mineurs","Eglise des freres mineurs","landmark",48.850668,2.341286,,
"CharlesV","p","Eglise Saint Antoine","Eglise Saint Antoine","landmark",48.848903,2.382617,,
"CharlesV","p","Eglise Saint Merry","Eglise Saint Merri","landmark",48.858889,2.351111,,
"CharlesV","p","Eglise Saint Paul","Eglise Saint Pol","landmark",48.854025,2.362328,,
"CharlesV","p","Egipte","Egypt","country",27,30,,
"CharlesV","p","Eltham","Eltham, England","settlement",51.45061,0.05225,,
"CharlesV","p","Enceintes de Paris","Enceintes de Paris",,,,,
"CharlesV","p","Engleterre","England","country",52.16045," -0.70318",,
"CharlesV","p","Estampes","Etampes, France","settlement",48.43333,2.15,,
"CharlesV","p","Eu","Eu, France","settlement",50.04722,1.41972,,
"CharlesV","p","Euvreux","Evreux, France","settlement",49.02414,1.15082,,
"CharlesV","p","Aymet","Eymet, France","settlement",44.66812,0.39961,,
"CharlesV","p","Famagoste","Famagusta, Cyprus","settlement",35.12054,33.93894,,
"CharlesV","p","Fienes","Fiennes, France","settlement",50.82667,1.825,,
"CharlesV","p","Flandre","Flanders","region",51.216667,3.233333," ",
"CharlesV","p","Fleuri","L’abbaye de Saint-Benoît-sur-Loire, France","landmark",47.809444,2.305556,,
"CharlesV","p","Biere (forest)","Fontainebleau, France","forest",48.40872,2.6593,,
"CharlesV","p","Bierre (forest)","Forêt de Fontainebleau","region",48.40872,2.6593,,
"CharlesV","p","Forez (plaine)","Forez, France","region",45.741667,4.226667,,
"CharlesV","p","France","France","country",46," 2",,
"CharlesV","p","Franche-Comté","Franche-Comté, France","region",47.2,6.1,,
"CharlesV","p","Gascoigne","Gascony, France","region",43.5,0,,
"CharlesV","p","Gaule","Gaul","ancient region",45.75927,4.81989,,
"CharlesV","p","Jenes","Genova, Italy","settlement",44.4264,8.91519,,
"CharlesV","p","Alemaigne","Germany","country",51.5," 10.5",,
"CharlesV","p","Gant","Ghent, Belgium ","settlement",51.05,3.71667,,
"CharlesV","p","Gisors","Gisors, Andelys, Eure, France","settlement",49.28178,1.7801,,
"CharlesV","p","Strigon","Gran, Hungary","settlement",47.7928,18.74148,,
"CharlesV","p","Bretagne","Great Britain","country",54.75844,-2.69531,,
"CharlesV","p","Guines","Guines, France","settlement",50.86708,1.87025,,
"CharlesV","p","Guiene","Guyenne, France","region",44.58333,1,,
"CharlesV","p","Hainault","Hainaut","region",50.45,3.95,,
"CharlesV","p","Halle","Hal-en-Hainaut, Belgium ",,50.73385,4.23454,,
"CharlesV","p","Han","Ham, Somme, France","settlement",49.74639,3.07278,,
"CharlesV","p","Hengest","Hangest, France","settlement",49.3361,1.2758,,
"CharlesV","p","Harecourt","Harcourt, France","settlement",49.16717,0.78501,,
"CharlesV","p","Heugueville","Heuqueville, France","settlement",49.28806,1.33917,,
"CharlesV","p","Hotel de Sens","Hotel de Sens","landmark",48.853333,2.359167,,
"CharlesV","p","Hotel Saint Pol","Hotel Saint Pol","landmark",48.854134,2.362303,,
"CharlesV","p","Hotel-Dieu","Hotel-Dieu","landmark",48.854665,2.348808,,
"CharlesV","p","Hotel du roi","Hôtel-Dieu, Paris","landmark",48.854665,2.348808,,
"CharlesV","p","Honguerie","Hungary","country",47,20,,
"CharlesV","p","Irllande","Ireland","island",53," -8",,
"CharlesV","p","Israel","Israel","ancient region",32.14306,35.26062,,
"CharlesV","p","Coustantinoble","Istanbul, Turkey","settlement",41.01384," 28.94966"," ",
"CharlesV","p","Ytalie","Italy","country",42.83333," 12.83333",,
"CharlesV","p","Jherusalem","Jerusalem","settlement",31.76904," 35.21633",,
"CharlesV","p","Ordre des chartreux","La Chartreuse, Paris","landmark",48.843537,2.335031,,
"CharlesV","p","Riolle","La Réole, France","settlement",44.58201,-0.03691,,
"CharlesV","p","Roche Sinadoire","La Roche Senadoire, France","landmark",45.528333,2.814167,,
"CharlesV","p","Roichelle","La Rochelle, France","settlement",46.16667,-1.15,,
"CharlesV","p","Rochebruant","La Roche-sur-Aigueperse, France","landmark",46.026459,3.173976,,
"CharlesV","p","Beu","La Teste-de-Buch, France","settlement",44.62875,-1.14059,,
"CharlesV","p","Lagni-sus-Marne","Lagny, France","settlement",48.86667,2.71667,,
"CharlesV","p","Lencastre","Lancaster, England","settlement",54.04649,-2.79988,,
"CharlesV","p","Lenguedoc","Languedoc","region",43.53333,3.23333,,
"CharlesV","p","Laon","Laon, France","settlement",49.56667," 3.61667",,
"CharlesV","p","Contentin","le Contentin, France","region",49.5,-1.5,,
"CharlesV","p","Crotoy","Le Crotoy, France","settlement",50.216,1.625,,
"CharlesV","p","Maine","Le Maine, France","region",48.25,0,,
"CharlesV","p","Les Halles ","Les Halles, Paris","landmark",48.86201,2.34694,,
"CharlesV","p","Les Halles ","Les Halles, Paris","landmark",48.86201,2.34694,,
"CharlesV","p","Liege","Liège, Belgium","settlement",50.63373,5.56749,,
"CharlesV","p","Lille","Lille, France","settlement",50.63297,3.05858,,
"CharlesV","p","Limagne","Limagne, France","region",45.5283,3.34,,
"CharlesV","p","Lambourc","Limburg","region",51.25,6,,
"CharlesV","p","Lymoges","Limoges, France","settlement",45.83153,1.25781,,
"CharlesV","p","Laire","Loire","river",47.269167,-2.185833,,
"CharlesV","p","Londres","London, England","settlement",51.50853,-0.12574,,
"CharlesV","p","Louvre","Louvre","landmark",48.86102,2.33587,,
"CharlesV","p","Palais","Louvre","landmark",48.86102,2.33587,,
"CharlesV","p","Grand Chambre","Louvre","landmark",48.86102,2.33587,,
"CharlesV","p","Lisigen","Lusignan, France","settlement",46.43472,0.12278,,
"CharlesV","p","maison des Celestins","maison des Celestins","landmark",48.850833,2.364722,,
"CharlesV","p","Maronne","Marennes, France","island",45.8225,-1.10528,,
"CharlesV","p","Marceille","Marseille, France","settlement",43.29695,5.38107,,
"CharlesV","p","Mauny","Mauny, France","settlement",49.38417,0.885,,
"CharlesV","p","Meaulx","Meaux, France","settlement",48.96014,2.87885,,
"CharlesV","p","Africa (cap)","Mehdia, Tunisia","settlement",35.50472,11.06222,,
"CharlesV","p","Auffrique","Mehdia, Tunisia","settlement",35.50472,11.06222,,
"CharlesV","p","Auffrique","Mehdia, Tunisia","settlement",35.50472,11.06222,,
"CharlesV","p","Meleun","Melun, France","settlement",48.53333,2.66667,,
"CharlesV","p","Mendiant convent","Couvent des Jacobins, rue Saint Jacques, Paris","landmark",48.847198,2.3432,,
"CharlesV","p","Mezieres","Mezieres","settlement",49.76667,4.71667,,
"CharlesV","p","Melan","Milan, Italy","settlement",45.46427,9.18951,,
"CharlesV","p","Mirepocis","Mirepoix, France","settlement",43.08773,1.8735,,
"CharlesV","p","Saint Mor","Monastère de Saint Maur les Fossès ",,48.81272,2.47425,,
"CharlesV","p","Maison des Canaux","Mont Pipet, Vienne, France","landmark",45.524495,4.881642,,
"CharlesV","p","Montagu","Montaigu, France","settlement",46.6603,5.5694,,
"CharlesV","p","Montargis (chastel)","Montargis","landmark",48,2.75,,
"CharlesV","p","Monfort","Montfort, Brittany, France","settlement",48.13542,-1.95201,,
"CharlesV","p","Montleheri","Montlhéry, France","settlement",48.64004,2.27465,,
"CharlesV","p","Montlau","Montlieu, Charente-Inferieure","settlement",45.25,-0.25,,
"CharlesV","p","Monpelier","Montpellier, France","settlement",43.61092,3.87723,,
"CharlesV","p","Faon","Montpont-sur-l'Isle, Dordogne, France","landmark",45.017,0.153528,,
"CharlesV","p","Monstereuil-Bonyn","Montreuil-Bonnin, Vienne, France","settlement",46.55196,0.14215,,
"CharlesV","p","Moson","Mouzon, Ardennes","settlement",49.60706,5.07569,,
"CharlesV","p","Naples","Naples, Italy","settlement",40.88333,14.41667,,
"CharlesV","p","Navarre","Navarra, Spain","region",42.75,-1.66667,,
"CharlesV","p","Plaisance (manoir)","Neuilly-Plaisance, France","landmark",48.8619,2.5064,,
"CharlesV","p","Nichomedie","Nicomedia","ancient settlement",40.76694,29.91694,,
"CharlesV","p","Nismes","Nimes, France","settlement",43.83333,4.35,,
"CharlesV","p","Nyvernois","Nivernais, France","region",47,3.5,,
"CharlesV","p","Nucherie","Nocera, Italy","settlement",43.114,12.78925,,
"CharlesV","p","Normendie","Normandy, France","region",49.2,0.016667,,
"CharlesV","p","Notre Dame","Notre Dame","landmark",48.85296,2.35007,,
"CharlesV","p","Noyelle","Noyelles, France","landmark",50.184444,1.709722,,
"CharlesV","p","Noyon","Noyon, France","settlement",49.58333,3,,
"CharlesV","p","Occident","Occident ","region",,,,
"CharlesV","p","Babiloine","Old Cairo, Egypt","settlement",30.00737,31.23927,,
"CharlesV","p","Olimpe ","Olympia, Greece ","settlement",37.64788,21.6271,,
"CharlesV","p","Orient","Orient","region ",,,,
"CharlesV","p","Orliens","Orleans, France","settlement",47.90289," 1.90389",,
"CharlesV","p","Ostrevan","Ostrevant","region",50.2875,3.26833,,
"CharlesV","p","Othee","Othee, Liege, Belgium","settlement",50.71592,5.46724,,
"CharlesV","p","Outremer","Outremer","region",,,,
"CharlesV","p","Padue","Padua, Italy","settlement",45.40797,11.88586,,
"CharlesV","p","Palence","Palencia, Spain","settlement",42.00955,-4.52406,,
"CharlesV","p","Pampelune","Pamplona, Spain","settlement",42.81687,-1.64323,,
"CharlesV","p","Paonnie","Pannonia","ancient region",47.23341,16.62309,,
"CharlesV","p","Paris","Paris, France","settlement",48.85341," 2.3488",,
"CharlesV","p","Parlement ","Parlement ","landmark",48.855807,2.344573,,
"CharlesV","p","Albret","Pays d'Albret","region",44.16667,-0.33333,,
"CharlesV","p","Perregort","Périgord, France","region",45,0.5,,
"CharlesV","p","Perse","Persia","ancient region",29,53,,
"CharlesV","p","Perouse","Perugia, Italy","settlement",43.1122,12.38878,,
"CharlesV","p","Petit-Pont","Petit-Pont","landmark",48.85328,2.34694,,
"CharlesV","p","Picardie","Picardy, France","region",50,3.5,,
"CharlesV","p","Petramale","Pietramala, Italy","settlement",44.16449,11.33442,,
"CharlesV","p","Pize","Pisa, Italy","settlement",43.70853,10.4036,,
"CharlesV","p","Poictiers","Poitiers, France","settlement",46.58333,0.33333,,
"CharlesV","p","Poictou","Poitou, France","region",46.16667,-0.06667,,
"CharlesV","p","Pont Saint-Michel","Pont Saint-Michel","landmark",48.854167,2.344722,,
"CharlesV","p","Pont-au-change","Pont-au-change","landmark",48.85659,2.34676,,
"CharlesV","p","Pontieu","Ponthieu, France","region",50.16667,1.91667,,
"CharlesV","p","Porcieu","Porcien, France","settlement",49.52944,4.24583,,
"CharlesV","p","Portingal","Portugal","country",39.6945,-8.13057,,
"CharlesV","p","Prague","Prague, Czech Republic","settlement",50.08804,14.42076,,
"CharlesV","p","Priene","Priene, Ionia","ancient settlement",37.659722,27.297778,,
"CharlesV","p","Saint Martin au Val","Prieuré de Saint Martin au Val",,48.43759,1.494275,,
"CharlesV","p","Prouvence","Provence, France","region",44,6,,
"CharlesV","p","Rosain","Rauzan, France","settlement",44.77861,-0.125,,
"CharlesV","p","Ravene","Ravenna, Italy","settlement",44.41344,12.20121,,
"CharlesV","p","Rains","Reims, France","settlement",49.25,4.03333,,
"CharlesV","p","Retel","Rethel, France","settlement",49.51667,4.36667,,
"CharlesV","p","Rodes (isle)","Rhodes, Greece","island",36.44288,28.22654,,
"CharlesV","p","Reatim","Rieti, Italy","settlement",42.40723,12.85918,,
"CharlesV","p","Senat","Roman Senate","landmark",41.892931,12.485403,,
"CharlesV","p","Rome","Rome, Italy","settlement",41.89193," 12.51133",,
"CharlesV","p","Roan","Rouen, France","settlement",49.44313,1.09932,,
"CharlesV","p","rue Saint Germain de l'Auxerrois","rue Saint Germain de l'Auxerrois","landmark",48.858341,2.344618,,
"CharlesV","p","Sicambre","Ruhr, Germany","ancient region ",51.5,7.5,,
"CharlesV","p","Ruilli","Ruillé-sur-Loir, France","settlement",47.75075,0.62058,,
"CharlesV","p","Larre","Rye, Sussex, England","settlement",50.95114,0.7337,,
"CharlesV","p","Salebruce","Saarbrücken, Germany","settlement",49.2354,6.98165,,
"CharlesV","p","La Chappelle","Saint Denis Abbey, France","landmark",48.935556,2.359722,,
"CharlesV","p","Embeurs","Saint Jacques d'Ambur","landmark",45.90278,2.77639,,
"CharlesV","p","Saint-Jacques en Galice","Saint James of Compostella, Spain","landmark",42.877778,-8.544444,,
"CharlesV","p","Saint Jean d'Angély","Saint Jean d'Angély","settlement",45.95,-0.51667,,
"CharlesV","p","Saint-Ouyn","Saint Ouen","landmark",48.918936,2.331564,,
"CharlesV","p","Sainte Catherine du val des Ecoliers","Sainte Catherine du val des Ecoliers",,48.855381,2.362889,,
"CharlesV","p","Sainte Chapelle de Vincennes","Sainte Chapelle de Vincennes","landmark",48.842778,2.435833,,
"CharlesV","p","Sainte-Chapelle","Sainte-Chapelle","landmark",48.8554,2.34504,,
"CharlesV","p","Sentonge","Saintonge, France","region",45.83333,-0.5,,
"CharlesV","p","Saint-Quentin","Saint-Quentin, France","settlement",49.84889,3.28757,,
"CharlesV","p","Saint-Sauveur-le-Vicomte","Saint-Sauveur-le-Vicomte, France",,49.38547,-1.5331,,
"CharlesV","p","Salerne","Salerno, Italy","settlement",40.68298,14.76374,,
"CharlesV","p","Selles-en-Mareille","Salles-sur-mer, France","settlement",46.10444,-1.05528,,
"CharlesV","p","Samunes","Salm-en-Vosges","region",48.3424,6.6358,,
"CharlesV","p","Sciene","Samos, Ionia, Greece","island",37.75,26.8,,
"CharlesV","p","Sanxerre","Sancerre, France","settlement",47.32889," 2.83448",,
"CharlesV","p","Sauvertat-du-Drot","Sauvetat-du-Dropt, France","settlement",44.64722,0.33889,,
"CharlesV","p","Savoie","Savoie, France","region",45.4," 6.5",,
"CharlesV","p","Saxongne","Saxony, Germany","region",52,11.7333,,
"CharlesV","p","Escoce","Scotland","country",56," -4",,
"CharlesV","p","Saine","Seine","river",49.434722,0.1175,,
"CharlesV","p","Senlis","Senlis, France","settlement",49.2,2.58333,,
"CharlesV","p","Cecile","Sicily, Italy","island",37.5," 14",,
"CharlesV","p","Silesia","Silesia, Poland","region",51,18,,
"CharlesV","p","Cisteron","Sisteron, France","settlement",44.18758,5.94623,,
"CharlesV","p","Sombisse","Soubise, France","settlement",45.92528,-1.00889,,
"CharlesV","p","Espaiggne","Spain","country",40," -4",,
"CharlesV","p","Sparte","Sparta, Greece","ancient settlement",37.07333,22.42972,,
"CharlesV","p","Syracuse","Syracuse, Sicily, Italy","settlement",37.08415,15.27628,,
"CharlesV","p","Taillebourc","Taillebourg, France","settlement",45.83639,-0.64333,,
"CharlesV","p","Tanquervile","Tancarville, France","settlement",49.4855,0.45765,,
"CharlesV","p","Tarante","Taranto, Italy","settlement",40.41639,17.25478,,
"CharlesV","p","Theroine","Thérouanne, France","settlement",50.63695,2.25838,,
"CharlesV","p","Thouars","Thouars, France","settlement",46.97602,-0.21507,,
"CharlesV","p","Tuille","Tivoli, Italy","settlement",41.95781," 12.80317",,
"CharlesV","p","Tholouse","Toulouse, France","settlement",43.60426," 1.44367",,
"CharlesV","p","Tour Balbette","Tour Barbeau","landmark",48.852682,2.359815,,
"CharlesV","p","Tour du Temple","Tour du Temple","landmark",48.864167,2.361389,,
"CharlesV","p","Thoreine","Touraine, France","region",47.2,1.5,,
"CharlesV","p","Tracot","Tracros, France","settlement",45.78088,2.75139,,
"CharlesV","p","Tyretart","Tricarico, Italy","settlement",40.61762,16.14647,,
"CharlesV","p","Trie","Trie-sur-Baïse, France","settlement",43.3222,0.3711,,
"CharlesV","p","Troye","Troy","ancient settlement",39.95732,26.23909,,
"CharlesV","p","Université","Université","landmark",48.84869,2.34363,,
"CharlesV","p","Bas (fort)","Vaas, Sarthe, France","landmark",47.66917,0.31222,,
"CharlesV","p","Valois","Valois, France","region",49.23359,2.88807,,
"CharlesV","p","Vatican","Vatican","country",41.90225,12.4533,,
"CharlesV","p","Versil","Vercelli, Italy","settlement",45.32163,8.41989,,
"CharlesV","p","Vernom","Vernon, France","settlement",49.09,1.49,,
"CharlesV","p","Vernonet","Vernonnet, France","settlement",49.09814,1.4911,,
"CharlesV","p","Bretueil","Verteuil, Charente, France","settlement",45.98104,0.23112,,
"CharlesV","p","Viene","Vienne, France","settlement",45.51667,4.86667,,
"CharlesV","p","Vincenes","Vincennes, France","settlement",48.8486," 2.43769",,
"CharlesV","p","Gales","Wales","region",52.5,-3.5,,
"CharlesV","p","Rosebec","Westrozebeke",,50.932778,3.013889,,
"CharlesV","p","Clossestre","Winchester, England","settlement",51.06513,-1.3187,,
"Cite","p","Abydos","Abydos, Hellespont","ancient region",40.195278,26.405,2,
"Cite","p","Aea","Aeaea, Italy","island",41.22799,13.06721,1,
"Cite","p","Afrique","Africa","region",,,4,
"Cite","p","Albe la Longue","Alba Longa, Italy","ancient settlement",41.74007,12.65331,1,
"Cite","p","Alexandrie","Alexandria, Egypt","settlement",31.21564," 29.95527",3,
"Cite","p","Allefabter","Allefabter","sea",,,1,
"Cite","p","Amasenus","Amasenus","river ",41.25,13.25,1,
"Cite","p","Amazonie","Amazonia","region",,,1,
"Cite","p","Anjou","Anjou, France","region",47.466667,-0.55,2,
"Cite","p","Antioche","Antioch in Pisidia, Turkey","ancient settlement",38.30471,31.18839,2,
"Cite","p","Puille","Apulia, Italy","region",41.00164," 16.73378",,
"Cite","p","Arcadia","Arcadia, Greece","region ",37.583333," 22.25",1,
"Cite","p","Arges","Argos, Greece","ancient settlement",37.616667,22.716667,2,
"Cite","p","Aise","Asia","region",,,3,
"Cite","p","Assyrie","Assyria","ancien region",36.19099," 44.0093",,
"Cite","p","Athenes","Athens, Greece","settlement",37.97945,23.71622,,
"Cite","p","Babelloine","Babylon, Iraq","ancient settlement",32.54083," 44.42417"," ",
"Cite","p","Baies","Baia, Italy","ancient settlement",40.81667,14.06667,,
"Cite","p","Bar","Bar le Duc, France","settlement",48.78333,5.16667,1,
"Cite","p","Baviere","Bavaria, Germany","region",48," 11",,
"Cite","p","Berri","Berry, France","region",47,2,,
"Cite","p","Bethulie","Bethulia","ancient settlement",,,,
"Cite","p","Blois","Blois, France","settlement",47.58333," 1.33333",2," "
"Cite","p","Boulogne la Grasse","Bologna, Italy","settlement",44.49381,11.33875,3,
"Cite","p","Bourbon","Bourbon-l’Archambault, France","settlement",46.58666,3.05876,4,
"Cite","p","Bourgogne","Burgundy, France","region",47,4.5,5,
"Cite","p","Birse","Byrsa","mountain",36.85245,10.32402,1,
"Cite","p","Cabestaing","Cabestany, France","settlement",42.68132,2.94122,1,
"Cite","p","Erythree","Cadiz, Spain","ancient settlement",36.52978,-6.29465,1,
"Cite","p","Campagne","Campania, Italy","region",40.91056,14.92053,4,
"Cite","p","Chanaan","Canaan","ancient region",,,1,
"Cite","p","Cannes","Cannae, Apulia, Italy","ancient settlement",41.296389,16.151667,1,
"Cite","p","Capitolle","Capitoline Hill, Rome, Italy","mountain",41.893333,12.483056,1,
"Cite","p","Capadoce","Cappadocia","region",38.73199,35.47863,1,
"Cite","p","Carie","Caria","ancient region",38.42024,30.39093,4,
"Cite","p","Cartage","Carthage, Tunisia","ancient settlement",36.86667,10.33333,4,
"Cite","p","Castile","Castile, Spain","region",41.66667,-4.25,2,
"Cite","p","Catelongne","Catalonia, Spain","region",41.82046,1.86768,1,
"Cite","p","Cathanays","Catania, Italy","region",37.49223,15.07041,1,
"Cite","p","Caldee","Chaldea","ancient region ",32.4727,45,,
"Cite","p","Champaigne","Champagne, France","region",49,4.5,1,
"Cite","p","Châtelet","Châtelet, Paris, France","landmark",48.857639,2.347361,1,
"Cite","p","Chastellet de Paris","Châtelet, Paris, France","landmark",48.857639,2.347361,1,
"Cite","p","Armenie","Cilicia","region",36.916667,34.9,,
"Cite","p","Cité des Dames","Cité des Dames","settlement",,,24,
"Cite","p","Clermont","Clermont, France","settlement",45.77966,3.08628,1,
"Cite","p","Clermont","Clermont, France","settlement",45.77966,3.08628,2,
"Cite","p","Colcos (isle)","Colchide","ancient region",42,42,,
"Cite","p","Coussy","Coucy-le-Château-Auffrique, France","landmark",49.520278,3.3225,1,
"Cite","p","Crete","Crete, Greece","island",35.15585,24.89502,,
"Cite","p","Cumins","Cumae, Campania, Italy","ancient settlement",40.84953,14.05126,,
"Cite","p","Chippre","Cyprus","island",35,33,2,
"Cite","p","Damas","Damascus, Syria","settlement",33.5102,36.29128,,
"Cite","p","Delphe","Delphi, Greece","ancient settlement",38.48179," 22.49862",,
"Cite","p","Terre ","Earth",,,,,
"Cite","p","Egypte","Egypt","country",27,30,9,
"Cite","p","Angelterre","England","country",52.16045," -0.70318",1,
"Cite","p","Euphese","Ephesus","ancient settlement",37.93972," 27.34083",1,
"Cite","p","Ethioppe","Ethiopia","country",9,39.5,3,
"Cite","p","Europpa","Europe","region",,,,
"Cite","p","Finoli","Finoli, Italy","settlement",45.5,9.133333,,
"Cite","p","France","France","country",46," 2",1,
"Cite","p","France","France ","country",46," 2",,
"Cite","p","Gennes","Genova, Italy","settlement",44.4264,8.91519,2,
"Cite","p","Allemagne","Germany","country",51.5," 10.5",1,
"Cite","p","Grece","Greece","country",39,22,13,
"Cite","p","Clequin","Fort du Guesclin","landmark",48.696667,-1.896111,,
"Cite","p","Haynault","Hainaut","region",50.45,3.95,,
"Cite","p","Alicarnase","Halicarnassus","ancient settlement",37.03833,27.42917,,
"Cite","p","Herles","Hellespont","strait",40.21407,26.4584,,
"Cite","p","Hollande","Holland","region",52.25,4.667,,
"Cite","p","Ycare (mer)","Icarium Mare","sea",,,,
"Cite","p","Yllium ","Ilium","ancient settlement",39.95732,26.23909,,
"Cite","p","Inde","India","country",22,79,,
"Cite","p","Ysrael","Israel","ancient region",32.14306,35.26062,5,
"Cite","p","Constantinoble","Istanbul, Turkey","settlement",41.01384," 28.94966",4,
"Cite","p","Ytallie","Italy","country",42.83333," 12.83333",11,
"Cite","p","Jhersualem","Jerusalem","settlement",31.76904," 35.21633",,
"Cite","p","Lac d'Enffer","Lac d'Enffer","sea",,,,
"Cite","p","Avernus","Lago d'Averno, Italy","landmark",40.83823,14.07452,1,
"Cite","p","Leodicee","Laodicea","ancient settlement",35.53168,35.79011,1,
"Cite","p","Terre Latine","Latium","ancient region",42.07762,12.77878,,
"Cite","p","Laval","Laval","settlement",48.06667,-0.76667,2,
"Cite","p","Fayel","Le Fayel, France","settlement",49.3722,2.699,,
"Cite","p","Libe","Libya","ancient region ",28,17,,
"Cite","p","Limoges","Limoges, France","settlement",45.83153,1.25781,,
"Cite","p","Lombardie","Lombardy, Italy","region",45.66667,9.5,2,
"Cite","p","Manchoa","Mantua, Italy","settlement",45.16031,10.79784,,
"Cite","p","Mesulie","Massylii","ancient region ",35.4,8.116667,,
"Cite","p","Meronee","Meroe","ancient settlement",16.93833,33.74722,,
"Cite","p","Mesopotamie","Mesopotamia","ancient region",35.1425,40.430833,,
"Cite","p","Messine","Messina, Italy","settlement",38.19394,15.55256,,
"Cite","p","Millan","Milan, Italy","settlement",45.46427,9.18951,,
"Cite","p","Menudie","Minyenne, Orchomene, Boeotia","region",38.483333,22.983333,,
"Cite","p","Moab","Moab","ancient region ",31.9,35.75,,
"Cite","p","Parnasse","Mount Parnassus, Greece","mountain",38.535833,22.624167,,
"Cite","p","Sinay","Mount Sinai, Egypt","mountain",28.53914,33.97496,,
"Cite","p","Sodome","Mount Sodom, Israel","ancient settlement",31.071944,35.396944,,
"Cite","p","Milisene","Mytilena, Lesbos","ancient settlement",39.11,26.55472,,
"Cite","p","Navarre","Navarra, Spain","region",42.75,-1.66667,1,
"Cite","p","Nil","Nile","river ",30.16667,31.1,,
"Cite","p","Ninive","Ninive, Assyria","ancient settlement",36.36762,43.15838,,
"Cite","p","Occeane (mer)","Ocean","sea",,,2,
"Cite","p","Orient","Orient","region ",,,6,
"Cite","p","Orliens","Orleans, France","settlement",47.90289," 1.90389",2,
"Cite","p","Palentin","Palatino, Rome","mountain",41.88931,12.48635,3,
"Cite","p","Palme (isle)","Palmaria","island",44.04269,9.84564,1,
"Cite","p","Paris","Paris, France","settlement",48.85341," 2.3488",,
"Cite","p","Perse","Persia","ancient region ",29,53,,
"Cite","p","Pharsale","Pharsalus, Thessaly","ancient settlement",39.29472,22.38472,,
"Cite","p","Fenice","Phoenicia","ancient region",33.65121,35.7193,,
"Cite","p","Frige","Phrygia","ancient region ",38.42024,30.39093,,
"Cite","p","Carmentelle","Porta Carmentalis, Rome, Italy","landmark",41.891389,12.480278,1,
"Cite","p","Prouvence","Provence, France","region",44,6,,
"Cite","p","Prouvins","Provins, France","settlement",48.55,3.3,,
"Cite","p","Ravene","Ravenna, Italy","settlement",44.41344,12.20121,1,
"Cite","p","Mer Rouge","Red Sea","sea",20.26735,38.53455,,
"Cite","p","Rains","Reims, France","settlement",49.25,4.03333,1,
"Cite","p","Vergi","Reulle-Vergy, France","settlement",47.18635,4.89519,1,
"Cite","p","Rodes","Rhodes, Greece","island",36.44288,28.22654,,
"Cite","p","Rome","Rome, Italy","settlement",41.89193," 12.51133",36,
"Cite","p","Sicambres","Ruhr, Germany","ancient region ",51.5,7.5,,
"Cite","p","Saba","Saba, Yemen","settlement",15.37954,44.70886,,
"Cite","p","Sabine","Sabini, Italy","mountain",42.21667,12.83333,,
"Cite","p","Saint Denis","Saint Denis Abbey, France","landmark",48.935556,2.359722,,
"Cite","p","Saint Pol","Saint-Pol, France","landmark",48.854134,2.362303,,
"Cite","p","Salamine","Salamis, Greece","settlement",37.92189,23.50677,,
"Cite","p","Salerne","Salerno, Italy","settlement",40.68298,14.76374,,
"Cite","p","Saluces","Saluzzo, Italy","settlement",44.64671,7.49309,,
"Cite","p","Samos","Samos, Ionia, Greece","island",37.75,26.8,1,
"Cite","p","Arabia","Saudi Arabia","region",25,45,2,
"Cite","p","Sichie","Scythia","ancient region ",,,,
"Cite","p","Cecille","Sicily, Italy","island",37.5," 14",1,
"Cite","p","Semaar","Sinhar","ancient settlement",33.7,43.5,,
"Cite","p","Espaigne","Spain","country",40," -4",1,
"Cite","p","Lacedemonie","Sparta, Greece","ancient settlement",37.07333,22.42972,,
"Cite","p","Siracuse","Syracuse, Sicily, Italy","settlement",37.08415,15.27628,,
"Cite","p","Sirie","Syria","country",35,38,,
"Cite","p","Thebes","Thebes, Greece","ancient settlement",38.325,23.31889,,
"Cite","p","Thoringe","Thuringia","region",50.91667,11,,
"Cite","p","Tybre","Tiber","river",41.74032," 12.23371",,
"Cite","p","Illion","Troy","ancient settlement",39.95732,26.23909,13,
"Cite","p","Toscane","Tuscany, Italy","region",43.41667," 11",2,
"Cite","p","Tir","Tyre, Lebanon","settlement",33.27333," 35.19389",1,
"DitRose","p","Enfer","Hell","region",,,,
"DitRose","p","Orliens","Orleans, France","settlement",47.90289," 1.90389",,
"DitRose","p","Paradis","Paradise","region",,,,
"DitRose","p","Paris","Paris, France","settlement",48.85341," 2.3488",,
"DitRose","p","Troye","Troy","ancient settlement",39.95732,26.23909,,
"DucVrai","vp","Engleterre","England","country",52.16045," -0.70318",1,
"DucVrai","vp","France","France","country",46," 2",1,
"DucVrai","vp","Alemaigne","Germany","country",51.5," 10.5",1,
"DucVrai","vp","Paradis","Paradise","region",,,,
"DucVrai","vp","Espaigne","Spain","country",40," -4",2,
"EpisAmor","p","Cartage","Carthage, Tunisia","ancient settlement",36.86667,10.33333,,
"EpisAmor","p","France","France","country",46," 2",,
"EpisAmor","p","Paradis","Paradise","region",,,,
"EpisAmor","p","Troyes","Troyes, France","settlement",48.3,4.08333,,
"EpisReine","p","France","France","country",46," 2",,
"EpisReine","p","Romme","Rome, Italy","settlement",41.89193," 12.51133",,
"EpisReine","p","Thebes","Thebes","ancient settlement",38.325,23.31889,,
"FaisArmes","p","Alpes","Alps","mountain",46.41667,10,,
"FaisArmes","p","Puille","Apulia, Italy","region",41.00164," 16.73378",,
"FaisArmes","p","Arragon","Aragon","region",41,-1,,
"FaisArmes","p","Armenie","Armenia","country",40.183333,44.516667,1,
"FaisArmes","p","Asc","Asc","settlement",43.9893,0.9503,1,
"FaisArmes","p","Aise","Asia","region",,,,
"FaisArmes","p","Assire","Assyria","ancient region",36.19099," 44.0093",,
"FaisArmes","p","Athenes","Athens, Greece","settlement",37.97945,23.71622,,
"FaisArmes","p","Autreiche","Austria","country",47.33333,13.33333,,
"FaisArmes","p","Bayonne","Bayonne, France","settlement",43.48333,-1.48333,,
"FaisArmes","p","Vincennes (bois)","Bois de Vincennes, France",,48.82974,2.43341,,
"FaisArmes","p","Bolongne la Grace","Bologna, Italy","settlement",44.49381,11.33875,,
"FaisArmes","p","Bourdeaulx","Bordeaux, France","settlement",44.84044,-0.5805,,
"FaisArmes","p","Bretaigne","Brittany, France","region",48,-3,,
"FaisArmes","p","Bourgoingne","Burgundy, France","region",47,4.5,,
"FaisArmes","p","Calabre","Calabria, Italy","region",39,16.5,,
"FaisArmes","p","Calais","Calais, France","settlement",50.95194,1.85635,,
"FaisArmes","p","Canes","Cannae, Apulia, Italy","ancient settlement",41.296389,16.151667,,
"FaisArmes","p","Capue","Capua, Italy","settlement",41.10519,14.21269,,
"FaisArmes","p","Carthaige","Carthage, Tunisia","ancient settlement",36.86667,10.33333,,
"FaisArmes","p","Dace","Dacia","ancient region",45.75459,22.90392,,
"FaisArmes","p","Angleterre","England","country",52.16045," -0.70318",,
"FaisArmes","p","Euphese","Ephesus","ancient settlement",37.93972," 27.34083"," ",
"FaisArmes","p","Eufrates","Euphrates","river",30.57889,47.76572," ",
"FaisArmes","p","Europpe","Europe","region",,,,
"FaisArmes","p","Fleurence","Florence, Italy","settlement",43.77925,11.24626," ",
"FaisArmes","p","France","France","country",46," 2",,
"FaisArmes","p","Capsa","Gafsa, Tunisia","ancient settlement",34.425,8.78417,,
"FaisArmes","p","Gaulle","Gaul","ancient region",45.75927,4.81989,,
"FaisArmes","p","Gennes","Genova, Italy","settlement",44.4264,8.91519,,
"FaisArmes","p","Allemaigne","Germany","country",51.5," 10.5",,
"FaisArmes","p","Germanie","Germany","country",51.5," 10.5",,
"FaisArmes","p","Grece","Greece","country",39,22,,
"FaisArmes","p","Guienne","Guyenne, France","region",44.58333,1,,
"FaisArmes","p","Hongrie","Hungary","country",47,20,,
"FaisArmes","p","Israel","Israel","ancient region",32.14306,35.26062,,
"FaisArmes","p","Ittallie","Italy","country",42.83333," 12.83333",,
"FaisArmes","p","Lancastre","Lancaster, England","settlement",54.04649,-2.79988,,
"FaisArmes","p","Lanchadie","Lanchadie",,,,,
"FaisArmes","p","Rommanie","Latium","ancient region",42.07762,12.77878,,
"FaisArmes","p","Lombardie","Lombardy, Italy","region",45.66667,9.5,,
"FaisArmes","p","Londres","London, England","settlement",51.50853,-0.12574,,
"FaisArmes","p","Lourraine","Lorraine, France","region",48.76667,6.13333,,
"FaisArmes","p","Lauris","Lorris, France","settlement",47.8895,2.51478,,
"FaisArmes","p","Macedoine","Macedonia","ancient region",40.8,22.516667,,
"FaisArmes","p","Mayance","Mainz, Germany","settlement",49.98419,8.2791,,
"FaisArmes","p","Affrique","Mehdia, Tunisia","settlement",35.50472,11.06222,,
"FaisArmes","p","Messine","Messina, Italy","settlement",38.19394,15.55256,,
"FaisArmes","p","Milan","Milan, Italy","settlement",45.46427,9.18951,,
"FaisArmes","p","Montpellier","Montpelier, France","settlement",43.61092,3.87723,,
"FaisArmes","p","Micenie","Mycenae, Greece","ancient settlement",37.73081,22.75638,,
"FaisArmes","p","Numidie","Numidia","ancient region",35.49048,6.25637,,
"FaisArmes","p","Babillonie","Old Cairo, Egypt","settlement",30.00737,31.23927,,
"FaisArmes","p","Oriant","Orient","region ",,,,
"FaisArmes","p","Paris","Paris, France","settlement",48.85341," 2.3488",,
"FaisArmes","p","Peloponese","Peloponnese","region",37.62728,22.43958,,
"FaisArmes","p","Piremenin","Piremenin",,,,,
"FaisArmes","p","Poulent","Poulent",,,,,
"FaisArmes","p","Roges","Reggio Calabria, Italy","settlement",,,,
"FaisArmes","p","Rodes","Rhodes, Greece","island",36.44288,28.22654,,
"FaisArmes","p","Rosne","Rhone","river",43.33333,4.83333,,
"FaisArmes","p","Romme","Rome, Italy","settlement",41.89193," 12.51133",,
"FaisArmes","p","Rouen","Rouen","settlement",49.44313,1.09932,,
"FaisArmes","p","Samites ","Samites",,,,,
"FaisArmes","p","Samois","Samois",,,,,
"FaisArmes","p","Savoye","Savoie, France","region",45.4," 6.5",,
"FaisArmes","p","Escoce","Scotland","country",56," -4",,
"FaisArmes","p","Sens","Sens, France","settlement",48.1978,3.2826,,
"FaisArmes","p","Cecille","Sicily, Italy","island",37.5," 14",7,
"FaisArmes","p","Sciene","Siena","settlement",43.32215,11.3259,,
"FaisArmes","p","Sciene","Siena, Italy","settlement",43.32215,11.3259,,
"FaisArmes","p","Scinopen","Sinop, Turkey","settlement",42.02683,35.16253,,
"FaisArmes","p","Espaigne","Spain","country",40," -4",,
"FaisArmes","p","Lacedemoine","Sparta, Greece","ancient settlement",37.07333,22.42972,,
"FaisArmes","p","Siracuse","Syracuse, Italy","settlement",37.08415,15.27628,,
"FaisArmes","p","Tarrance","Taranto","settlement",40.41639,17.25478,,
"FaisArmes","p","Thebes","Thebes, Greece","ancient settlement",38.325,23.31889,,
"FaisArmes","p","Thoulouze","Toulouse, France","settlement",43.60426," 1.44367",4,
"FaisArmes","p","Troye","Troy","ancient settlement",39.95732,26.23909,,
"FaisArmes","p","Venise","Venice, Italy","settlement",45.43713,12.33265,,
"FaisArmes","p","Villenove lèz Avignon","Villeneuve-les-Avignon","settlement",43.9684,4.7963,,
"FaisArmes","p","Rosebec","Westrozebeke","settlement",50.932778,3.013889,,
"Heures","p","France","France","country",46," 2",,
"Heures","p","Galilee","Galilee","ancient region",32.687114,35.390383,,
"Heures","p","Saint Sepulchre","Holy Sepulchre Church, Jerusalem","landmark",31.77847," 35.22979",,
"Heures","p","Jerusalem","Jerusalem","settlement",31.76904," 35.21633",,
"Heures","p","Judee","Judea","ancient region",31.58333,35,,
"Heures","p","Mont de Calvaire","Mount Calvary","mountain",31.778611,35.229444,,
"Heures","p","Nazarath","Nazareth, Israel","settlement ",32.69925," 35.30483",,
"Heures","p","Paradis ","Paradise"," ",,,,
"Heures","p","Romme","Rome, Italy","settlement",41.89193," 12.51133",,
"Heures","p","le ruissel de Cedron","Wadi al Joz, Jerusalem","region",31.788833,35.237817,,
"Jeanne","v","Acre","Akko, Israel","settlement",32.927778,35.081667,,
"Jeanne","v","Saintte Terre","Earth",,,,,
"Jeanne","v","Egipte","Egypt","country",27,30,,
"Jeanne","v","France","France","country",46," 2",,
"Jeanne","v","Enfer","Hell"," ",,,,
"Jeanne","v","Orliens","Orleans, France","settlement",47.90289," 1.90389",,
"Jeanne","v","Paradis","Paradise"," ",,,,
"Jeanne","v","Paris","Paris, France","settlement",48.85341," 2.3488",,
"Jeanne","v","Rains","Reims, France","settlement",49.25,4.03333,,
"Jeanne","v","Romme","Rome, Italy","settlement",41.89193," 12.51133",,
"Lament","p","Arges","Argos, Greece","ancient settlement",37.616667,22.716667,,
"Lament","p","Athenes","Athens, Greece","settlement",37.97945,23.71622,,
"Lament","p","Berry","Berry, France","region",47,2,,
"Lament","p","France","France","country",46," 2",,
"Lament","p","Nynyue","Ninive, Assyria","ancient settlement",36.36762,43.15838,,
"Lament","p","Paris","Paris, France","settlement",48.85341," 2.3488",1,
"Lament","p","Thunes","Tunis, Tunisia","settlement",36.81897,10.16579,,
"LongueE","v","Arabie","Arabia","ancient region",25,45,,
"LongueE","v","Armenie petite","Armenian Cilicia","region ",37,35.5,,
"LongueE","v","Assire","Assyria","ancient region",36.19099," 44.0093",,
"LongueE","v","Athenes","Athens, Greece","settlement",37.97945,23.71622,,
"LongueE","v","Sainte-Sophie, église","Aya Sofia, Istanbul, Turkey","landmark",41.0086,28.98,,
"LongueE","v","Baviere","Bavaria, Germany","region",48," 11",,
"LongueE","v","Bethleem","Bethlehem, Palestine","settlement",31.70487,35.20376,,
"LongueE","v","Bahaigne","Bohemia","region",50,15,,
"LongueE","v","Tenedos","Bozcaada, Çanakkale, Turkey","island",39.835,26.06972,,
"LongueE","v","Bresouich","Braunschweig, Germany","settlement",52.26594,10.52673,,
"LongueE","v","Bretaigne","Brittany, France","region",48,-3,,
"LongueE","v","Campanie","Campania, Italy","region",40.91056,14.92053,,
"LongueE","v","Isles Fortunees, les","Canary Islands, Spain","region",28,-15.5,,
"LongueE","v","Cartage","Carthage, Tunisia","ancient settlement",36.86667,10.33333,,
"LongueE","v","Cornouailles","Cornwall, England","region",50.41667,-4.75,,
"LongueE","v","Cumes","Cumae, Campania, Italy","ancient settlement",40.84953,14.05126,,
"LongueE","v","Saint-Georges, le bras","Dardanelles Strait","sea",40.2,26.4,,
"LongueE","v","Egypte","Egypt","country",27,30,,
"LongueE","v","Albion","England","country",52.16045," -0.70318",,
"LongueE","v","Engleterre","England","country",52.16045," -0.70318",,
"LongueE","v","Ethioppe","Ethiopia","country",9,39.5,,
"LongueE","v","Florence","Florence, Italy","settlement",43.77925,11.24626," ",
"LongueE","v","France","France","country",46," 2",,
"LongueE","v","Gaule","Gaul","ancient region",45.75927,4.81989,,
"LongueE","v","Alemaigne","Germany","country",51.5," 10.5",,
"LongueE","v","Bretaigne","Great Britain","country",54.75844,-2.69531,,
"LongueE","v","Grece","Greece","country",39,22,,
"LongueE","v","Terre Sainte","Holy Land","region"," "," ",,
"LongueE","v","Hongrie","Hungary","country",47,20,,
"LongueE","v","Inde","India","country",22,79,,
"LongueE","v","Constantinople","Istanbul, Turkey","settlement",41.01384," 28.94966"," ",
"LongueE","v","Ytalie","Italy","country",42.83333," 12.83333",,
"LongueE","v","Jherusalem","Jerusalem","settlement",31.76904," 35.21633",,
"LongueE","v","Judee","Judea","ancient region",31.58333,35,,
"LongueE","v","Armenie grande","Kingdom of Armenia","region",40.004686,44.579167,,
"LongueE","v","Lombardie","Lombardy, Italy","region",45.66667,9.5,,
"LongueE","v","Lucembourc","Luxemburg","country",49.61167,6.13,,
"LongueE","v","Macedoine","Macedonia","ancient region",40.8,22.516667,,
"LongueE","v","Mede","Medes, Ectabana","ancient region",34.806389,48.516111,,
"LongueE","v","Helicon","Mount Parnassus, Greece","mountain",38.535833,22.624167,,
"LongueE","v","Parnasse","Mount Parnassus, Greece","mountain",38.535833,22.624167,,
"LongueE","v","Sinaÿ","Mount Sinai, Egypt","mountain",28.53914,33.97496,,
"LongueE","v","Nazareth","Nazareth, Israel","settlement",32.69925,35.30483,,
"LongueE","v","Babiloine","Old Cairo, Egypt","settlement",30.00737,31.23927,,
"LongueE","v","Caire","Old Cairo, Egypt","settlement",30.00737,31.23927,,
"LongueE","v","Olympias","Olympia, Greece ","settlement",37.64788,21.6271,,
"LongueE","v","Paris","Paris, France","settlement",48.85341," 2.3488",,
"LongueE","v","Frige","Phrygia","ancient region",38.42024,30.39093,,
"LongueE","v","Rhodes","Rhodes, Greece","island",36.44288,28.22654,,
"LongueE","v","Romme","Rome, Italy","settlement",41.89193," 12.51133",,
"LongueE","v","Sicambre","Ruhr, Germany","ancient region ",51.5,7.5,,
"LongueE","v","Espagne","Spain","country",40," -4",,
"LongueE","v","Syracuse","Syracuse, Sicily, Italy","settlement",37.08415,15.27628,,
"LongueE","v","Syrie","Syria","country",35,38,,
"LongueE","v","Tartarie","Tartary","ancient region",45.033,35.083,,
"LongueE","v","Troie","Troy","ancient settlement",39.95732,26.23909,,
"Mutacion","v","Abydos","Abydos, Hellespont","ancient region",40.195278,26.405,3,
"Mutacion","v","Grece (mer)","Aegean","sea",39,25,1,
"Mutacion","v","Affrique","Africa","region",,," ",
"Mutacion","v","Albe la Longue","Alba Longa, Italy","ancient settlement",41.74007,12.65331,1,
"Mutacion","v","Albanie","Alban Hills, Rome, Italy","region",41.75,12.75,,
"Mutacion","v","Alixandrie","Alexandria, Egypt","settlement",31.21564," 29.95527",16,
"Mutacion","v","Amazonie","Amazonia","region",,,32,
"Mutacion","v","Alpes","Apennine","mountains",43.28,12.58,13,
"Mutacion","v","Puille","Apulia, Italy","region",41.00164," 16.73378",,
"Mutacion","v","Arabe","Arabia","ancient region",25,45,1,
"Mutacion","v","Aragon","Aragon, Spain","region",41,-1,,
"Mutacion","v","Arges","Argos, Greece","ancient settlement",37.616667,22.716667,27,
"Mutacion","v","Armenie","Armenia","country",40.183333,44.516667,12,
"Mutacion","v","Arras","Arras, France","settlement",50.29301,2.78186,,
"Mutacion","v","Ascoly","Ascoli Piceno, Italy","settlement",42.85,13.583333,,
"Mutacion","v","Aise","Asia","region",,," ",
"Mutacion","v","Assire","Assyria","ancient region",36.19099," 44.0093",29,
"Mutacion","v","Seigneuries","Assyria","ancient region",36.19099," 44.0093",,
"Mutacion","v","Ataines","Athens, Greece","settlement",37.97945,23.71622,25,
"Mutacion","v","Aventin","Aventine Hill, Rome","mountain",41.883333,12.483333,1,
"Mutacion","v","Araxe","Axare","river",,,,
"Mutacion","v","Azote","Azov","settlement",47.10779,39.41648,,
"Mutacion","v","Bacre","Bactria","ancient settlement",36.773056,66.873611,,
"Mutacion","v","Balquaires (isles)","Baleares","island",39.60992,3.02948,4,
"Mutacion","v","Baviere","Bavaria, Germany","region",48," 11",,
"Mutacion","v","Berri","Berry, France","region",47,2,,
"Mutacion","v","Benuble","Bethulia","ancient settlement",,,12,
"Mutacion","v","Granides","Biga ","river",40.38333,27.3,,
"Mutacion","v","Bethanye","Bithynia, Asia Minor","ancient region",40.766667,29.916667,,
"Mutacion","v","Boete","Boetia","region",38.33333,23.25,,
"Mutacion","v","Bourbon","Bourbon-l’Archambault, France","settlement",46.58666,3.05876," ",
"Mutacion","v","Brandenbourg","Brandenburg, Germany","region",52.33333,13.2,,
"Mutacion","v","Brescia","Brescia, Italy","settlement",45.53558,10.21472,,
"Mutacion","v","Brest","Brest, France","settlement",48.4,-4.48333,,
"Mutacion","v","Bretagne","Brittany, France","region",48,-3,,
"Mutacion","v","Bucifalle","Bucephale","ancient settlement",32.433,73.583,,
"Mutacion","v","Bourgogne","Burgundy, France","region",47,4.5,,
"Mutacion","v","Campaigne","Campania, Italy","region",40.91056,14.92053,3,
"Mutacion","v","Canaam","Canaan","ancient region",,,,
"Mutacion","v","Cannes","Cannae, Apulia, Italy","ancient settlement",41.296389,16.151667,,
"Mutacion","v","Capitole","Capitoline Hill, Rome, Italy","mountain",41.893333,12.483056,9,
"Mutacion","v","Capadoce","Cappadocia","region",38.73199,35.47863,,
"Mutacion","v","Cartage la nouvelle","Cartagena, Spain ","settlement",37.60512,-0.98623,8,
"Mutacion","v","Seigneuries","Carthage, Tunisia","ancient settlement",36.86667,10.33333,,
"Mutacion","v","Cartage","Carthage, Tunisia","ancient settlement",36.86667,10.33333,77,
"Mutacion","v","Peonnie","Carthaginian region","region",,,2,
"Mutacion","v","Caldee","Chaldea","ancient region ",32.4727,45,8,
"Mutacion","v","Caribdis","Charybdis","strait",38.245833,15.6325,,
"Mutacion","v","Trise","Chiusi, Italy","settlement",43.01418,11.94791,2,
"Mutacion","v","Cecille","Cilicia","region",36.9171,34.89966,7,
"Mutacion","v","Colcos (isle)","Colchos","island",42,42,12,
"Mutacion","v","Cirta","Constantine, Algeria","ancient settlement",36.365,6.61472,,
"Mutacion","v"," Corince","Corinth, Greece","ancient settlement",37.90953,22.88353,7,
"Mutacion","v","Crete","Crete, Greece","island",35.15585,24.89502,14,
"Mutacion","v","Chipre","Cyprus","island",35,33,6,
"Mutacion","v","Cittera","Cythera, Greece","island",36.25139,23.01806,6,
"Mutacion","v","Damas","Damascus, Syria","settlement",33.5102,36.29128,4,
"Mutacion","v","Danoe","Danube","river",45.33333,29.66667,10,
"Mutacion","v","Delphe","Delphi, Greece","ancient settlement",38.48179," 22.49862",5,
"Mutacion","v","Bethamin","Ecbatane, Media","ancient settlement",34.79922,48.51456,1,
"Mutacion","v","Iduméen","Edom","ancient region",30.32982,35.44144," ",
"Mutacion","v","Egipte","Egypt","country",27,30,31,
"Mutacion","v","Empire","Empire",,,,5,
"Mutacion","v","Albion ","England","country",52.16045," -0.70318",1,
"Mutacion","v","Angleterre","England","country",52.16045," -0.70318",4,
"Mutacion","v","Ephese","Ephesus","ancient settlement",37.93972," 27.34083",1,
"Mutacion","v","Epire","Epirus","ancient region",39.01292," 20.73182",,
"Mutacion","v","Babel (tour)","Etemenanki","landmark",32.536389,44.420833,45,
"Mutacion","v","Ethiope","Ethiopia","country",9,39.5,5,
"Mutacion","v","Bachan","Etna","mountain",37.75029,14.99466,11,
"Mutacion","v","Euffrates","Euphrates","river",30.57889,47.76572," ",
"Mutacion","v","Eüroppe","Europe","region",,,,
"Mutacion","v","Flourence","Florence, Italy","settlement",43.77925,11.24626,1,
"Mutacion","v","Garde Perilleuse","forests","landmark",,,,
"Mutacion","v","Serpents (isle)","Formentera","island",38.7,1.46667,,
"Mutacion","v","Marchié","Forum","landmark",,,,
"Mutacion","v","France","France","country",46," 2",37,
"Mutacion","v","Gaule","Gaul","ancient region",45.75927,4.81989,8,
"Mutacion","v","Albanie du Caucase","Georgian Caucasus",,"42.556621, 45.016479",,,
"Mutacion","v","Allemagne","Germany","country",51.5," 10.5",,
"Mutacion","v","Germanie","Germany","country",51.5," 10.5",5,
"Mutacion","v","Gand","Ghent, Belgium ","settlement",51.05,3.71667,,
"Mutacion","v","Gabaon","Gibeon","ancient settlement",31.847451,35.183351,,
"Mutacion","v","Gloucester","Gloucester, England","settlement",51.86568,-2.2431,2,
"Mutacion","v","Gomore","Gomorrah","ancient settlement",31.131588,35.529399,,
"Mutacion","v","Gouffre Perilleux","Gouffre Perilleux","landmark",,,6,
"Mutacion","v","Grant Malice","Grant Malice","way",,,42,
"Mutacion","v","Grant Orgueil","Grant Orgueil","way",,,,
"Mutacion","v","Grant Peril","Grant Peril","settlement",,,21,
"Mutacion","v","Grant Science","Grant Science","way",,,38,
"Mutacion","v","Bretagne","Great Britain","country",54.75844,-2.69531,,
"Mutacion","v","Grece","Greece","country",39,22,,
"Mutacion","v","Enfer","Hell"," ",,,10,
"Mutacion","v","Herlés","Hellespont","strait",40.21407,26.4584,,
"Mutacion","v","Hereford","Hereford, England","settlement",52.05684,-2.71482,,
"Mutacion","v","Hostelz Dieu","Hotels Dieu","landmark",48.854665,2.348808,,
"Mutacion","v","Hongrie","Hungary","country",47,20,,
"Mutacion","v","Ymeneüs","Hymenea ",,,,,
"Mutacion","v","Inde la grant","India","country",22,79,,
"Mutacion","v","Ysrael","Israel","ancient region",32.14306,35.26062,,
"Mutacion","v","Bisance","Istanbul, Turkey","settlement",41.01384," 28.94966",4,
"Mutacion","v","Lieu Ytalus","Italy","country",42.83333," 12.83333",,
"Mutacion","v","Ithaque","Ithaka, Greece","island",38.38419,20.67078,,
"Mutacion","v","Smirne","Izmir, Turkey","settlement",38.41273,27.13838,,
"Mutacion","v","Helya","Jerusalem","settlement",31.76904," 35.21633",,
"Mutacion","v","Jourdan","Jordan","river",31.76333,35.5575,3,
"Mutacion","v","Juda","Juda","ancient region",31.58333,35,,
"Mutacion","v","Juirie","Judea","ancient region",31.58333,35,,
"Mutacion","v","Juste Vie","Juste Vie","way",,,,
"Mutacion","v","Lacedemonye","Laconia, Greece","ancient region",37," 22.58333",,
"Mutacion","v","Lancastre","Lancaster, England","settlement",54.04649,-2.79988,,
"Mutacion","v","Laurents (royaume)","Latium","ancient region",42.07762,12.77878,,
"Mutacion","v","Laurente ","Latium ","ancient region",42.07762,12.77878,,
"Mutacion","v","Lieu Aventureux","Lieu Aventureux","region",,,,
"Mutacion","v","Lusignan","Lusignan, France","settlement",46.43472,0.12278,,
"Mutacion","v","Lide","Lydia, Asia Minor","ancient region",40,30,,
"Mutacion","v","Seigneuries","Macedonia","ancient region",40.8,22.516667,,
"Mutacion","v","Auffrique (mer)","Mediterranean Sea","sea",35,20,,
"Mutacion","v","Auffrique (port)","Mehdia, Tunisia","settlement",35.50472,11.06222,2,
"Mutacion","v","Liban (mont)","Mount Lebanon","mountain",34.29899,36.10584,2,
"Mutacion","v","Parnasse","Mount Parnassus, Greece","mountain",38.535833,22.624167,,
"Mutacion","v","Sodome","Mount Sodom, Israel","ancient settlement",31.071944,35.396944,,
"Mutacion","v","Gion","Nile","river",30.16667,31.1,1,
"Mutacion","v","Babilloine","Old Cairo, Egypt","settlement",30.00737,31.23927,86,
"Mutacion","v","Palfagone","Paphlagonia, Asia Minor","ancient ",41.22825,33.15674,,
"Mutacion","v","Paradis","Paradise","region",,,,
"Mutacion","v","Paris","Paris, France","settlement",48.85341," 2.3488",3,
"Mutacion","v","Parme","Parma, Italy","settlement",44.79935,10.32618,,
"Mutacion","v","Pavye","Pavia, Italy","settlement",45.18446,9.16145,2,
"Mutacion","v","Pelopenese","Peloponnese, Greece","region",37.62728,22.43958,,
"Mutacion","v","Pentapole","Pentapolis, Palestine","region",31.66926,34.57149,,
"Mutacion","v","Pergame","Pergamon","ancient settlement",39.12074,27.18052,,
"Mutacion","v","Perse","Persia","ancient region",29,53,,
"Mutacion","v","Fossez","Phoces","ancient settlement",38.667502,26.758039,,
"Mutacion","v","Phenice","Phoenicia","ancient region",33.65121,35.7193,2,
"Mutacion","v","Frige","Phrygia","ancient region",38.42024,30.39093,,
"Mutacion","v","Pistoye","Pistoia, Italy","settlement",43.93064,10.92365,,
"Mutacion","v","Pologne","Poland","country",52,20,,
"Mutacion","v","Pont (royaume)","Pont-Euxin","region",40.6,38,,
"Mutacion","v","Rone","Rhône","river",43.33333,4.83333,,
"Mutacion","v","Senat","Roman Senate","landmark",41.892931,12.485403,,
"Mutacion","v","Romme","Rome, Italy","settlement",41.89193," 12.51133",,
"Mutacion","v","Seigneuries","Rome, Italy","settlement",41.89193," 12.51133",,
"Mutacion","v","Sagecte","Saida, Lebanon","settlement",33.55993,35.37564,,
"Mutacion","v","Samarie","Samaria, Palestine","ancient region",32.25,35.16667,,
"Mutacion","v","Samos","Samos, Ionia, Greece","island",37.75,26.8,,
"Mutacion","v","Sardegne","Sardegna, Italy","island",40,9,4,
"Mutacion","v","Silla","Scylla","landmark",38.25201,15.71837,,
"Mutacion","v","Scyros","Scyros","island",38.88333,24.53333,,
"Mutacion","v","Siche","Scythia","ancient region ",,,,
"Mutacion","v","Septentrion","Septentrion","region",,,,
"Mutacion","v","Cecile","Sicily, Italy","island",37.5," 14",7,
"Mutacion","v","Siconye","Sicoyne, Greece","ancient settlement",37.984109,22.711024,,
"Mutacion","v","Sienne","Siena, Italy","settlement",43.32215,11.3259,,
"Mutacion","v","Sinope","Sinop, Turkey","settlement",42.02683,35.16253,,
"Mutacion","v","Espaigne","Spain","country",40," -4",46,
"Mutacion","v","Lacedemone","Sparta, Greece","ancient settlement",37.07333,22.42972,,
"Mutacion","v","Sussis","Susa, Persia","settlement",32.1942,48.2436,,
"Mutacion","v","Assire","Syria","country",35,38,9,
"Mutacion","v","Tarente","Taranto, Italy","settlement",40.41639,17.25478,,
"Mutacion","v","Thenedom","Tenedos","island",39.835,26.06972,,
"Mutacion","v","Paradis Terrestre","Terrestrial Paradise","region",,,,
"Mutacion","v","Thebes","Thebes, Boeotia","ancient settlement",38.325,23.31889,,
"Mutacion","v","Thesale","Thessaly, Greece","region",39.40224,21.98364,,
"Mutacion","v","Trace","Thrace, Greece","region",41,25.5,,
"Mutacion","v","Tybre","Tiber","river",41.74032," 12.23371",,
"Mutacion","v","Gion ","Tigris","river",30.59064,47.76907,1,
"Mutacion","v","Tigris","Tigris","river",30.59064,47.76907,,
"Mutacion","v","Togres","Tongres, Belgium","settlement",50.78054,5.46484,5,
"Mutacion","v","Thoulouse","Toulouse, France","settlement",43.60426," 1.44367",4,
"Mutacion","v","Triple","Tripoli, Lebanon","settlement",34.43667,35.84972,,
"Mutacion","v","Illion","Troy","ancient settlement",39.95732,26.23909,,
"Mutacion","v","Troie","Troy","ancient settlement",39.95732,26.23909,,
"Mutacion","v","Sur","Tyre, Lebanon","settlement",33.27333," 35.19389",,
"Mutacion","v","Valois","Valois, France","region",49.23359,2.88807,,
"Mutacion","v","Venetie","Veneto, Italy","region",45.5,11.75,,
"Mutacion","v","Venise","Venice, Italy","settlement",45.43713,12.33265,,
"Mutacion","v","Galles","Wales","region",52.5,-3.5,,
"Mutacion","v","Saragosse","Zaragoza, Spain","settlement",41.65606," -0.87734",2,
"Othea","vp","Poulle","Apulia, Italy","region",41.00164," 16.73378",,
"Othea","vp","Arges","Argolis, Peloponnese, Greece","region",37.666667,22.833333,,
"Othea","vp","Assire","Assyria","ancient region",36.19099," 44.0093",,
"Othea","vp","Assire","Assyria","ancient region",36.19099," 44.0093",,
"Othea","vp","Athenes","Athens, Greece","settlement",37.97945,23.71622,,
"Othea","vp","Boulongne","Bologna, Italy","settlement",44.49381,11.33875,,
"Othea","vp","Calabre","Calabria, Italy","region",39,16.5,,
"Othea","vp","Crete","Crete, Greece","island",35.15585,24.89502,,
"Othea","vp","Chipre","Cyprus","island",35,33,,
"Othea","vp","Delphos","Delphi, Greece","ancient settlement",38.48179," 22.49862",,
"Othea","vp","Egipte","Egypt","country",27,30,,
"Othea","vp","Ytalye","Italy","country",42.83333," 12.83333",,
"Othea","vp","Babiloine","Old Cairo, Egypt","settlement",30.00737,31.23927,,
"Othea","vp","Perse","Persia","ancient region ",29,53,,
"Othea","vp","Cydonie","Sidon, Lebanon","settlement",33.55993,35.37564,,
"Othea","vp","Ylÿon","Troy","ancient settlement",39.95732,26.23909,,
"Othea","vp","Thune","Tunis, Tunisia","settlement",36.81897,10.16579,,
"Paix","p","Alencon","Alencon, France","settlement",48.43333,0.08333,,
"Paix","p","Anjou ","Anjou, France","region",47.466667,-0.55,,
"Paix","p","Ardre","Ardres, France","settlement",50.85786,1.98168,,
"Paix","p","Athenes","Athens, Greece","settlement",37.97945,23.71622,,
"Paix","p","Auvergne","Auvergne, France","region",45.33333," 3",,
"Paix","p","Bastide Anthoine","Bastille Saint-Antoine","landmark",48.853333,2.369167,,
"Paix","p","Ostel de Biauté ","Beauté-sur-Marne, France","landmark",48.832778,2.475278,,
"Paix","p","Bedos","Bedous, France","settlement",43,-0.6,,
"Paix","p","Berry","Berry, France","region",47,2,,
"Paix","p","Blannule","Blannule",,,,,
"Paix","p","Bahangne","Bohemia","region",50,15,,
"Paix","p","Boulogne-la-Grace","Bologna, Italy","settlement",44.49381,11.33875,,
"Paix","p","Bourbon","Bourbon-l’Archambault, France","settlement",46.58666,3.05876," ",
"Paix","p","Bretaigne","Brittany, France","region",48,-3,,
"Paix","p","Bueil","Bueil-en-Touraine, France","settlement",47.6456,0.5508,,
"Paix","p","Bourgongne","Burgundy, France","region",47,4.5,,
"Paix","p","chastel d'Andorte","Castets-en-Dorthe, France","landmark",44.56194,-0.15306,,
"Paix","p","Caumont","Caumont",,,,,
"Paix","p","Clicon","Clisson, France","settlement","47.08714, -1.28286",,,
"Paix","p","Coucy","Coucy-le-Château-Auffrique, France","landmark",49.520278,3.3225,,
"Paix","p","Daulphin","Daulphin",,,,,
"Paix","p","Celestins","Eglise des Celestins, Paris","landmark",48.850833,2.364722,,
"Paix","p","Saint Antoine dedens Paris","Eglise Saint Antoine, Paris","landmark",48.848903,2.382617,,
"Paix","p","Egipte","Egypt","country",27,30,,
"Paix","p","Angleterre","England","country",52.16045," -0.70318",,
"Paix","p","Estampes","Etampes, France","settlement",48.43333,2.15,,
"Paix","p","France","France","country",46," 2",,
"Paix","p","Gales","Wales","country",51.483333,-3.183333,,
"Paix","p","Gabaon","Gibeon","ancient settlement",31.847451,35.183351,,
"Paix","p","Guienne","Guyenne, France","region",44.58333,1,,
"Paix","p","Ostel-Dieu","Hotel-Dieu","landmark",48.854665,2.348808,,
"Paix","p","Israel","Israel","ancient region",32.14306,35.26062,,
"Paix","p","Ytalie","Italy","country",42.83333," 12.83333",,
"Paix","p","Jherico","Jericho","settlement",31.86667,35.45,,
"Paix","p","Jherusalem","Jerusalem","settlement",31.76904," 35.21633",,
"Paix","p","La Rochelle","La Rochelle, France","settlement",46.16667,-1.15,,
"Paix","p","Languedoc","Languedoc, France","region",43.53333,3.23333,,
"Paix","p","Lebret","Lebret",,,,,
"Paix","p","Limoges","Limoges, France","settlement",45.83153,1.25781,,
"Paix","p","Lombardie","Lombardy, Italy","region",45.66667,9.5,,
"Paix","p","Palais","Louvre","landmark",48.86102,2.33587,,
"Paix","p","Chastel du Louvre","Louvre ","landmark",48.86102,2.33587,,
"Paix","p","Mauny","Mauny, France","settlement",49.38417,0.885,,
"Paix","p","Melun (chastel)","Melun Castle","landmark",48.53333,2.66667,,
"Paix","p","Crail Montargis","Montargis","landmark",48,2.75,,
"Paix","p","Montauban","Montauban, France","settlement",44.01667,1.35,,
"Paix","p","Montfort","Montfort l'Amaury, France","settlement",48.7778,1.81,,
"Paix","p","Normandie","Normandy, France","region",49.2,0.016667,,
"Paix","p","Babiloine","Old Cairo, Egypt","settlement",30.00737,31.23927,,
"Paix","p","Paris","Paris, France","settlement",48.85341," 2.3488",16,
"Paix","p","Perche","Perche, France ","region",48.520278,0.547222,,
"Paix","p","Picardie","Picardy, France","region",50,3.5,,
"Paix","p","Poitiers","Poitiers, France","settlement",46.58333,0.33333,,
"Paix","p","Pommiers","Pommiers, France","settlement",45.95,4.683,,
"Paix","p","Pontieu","Ponthieu, France","region",50.16667,1.91667,,
"Paix","p","Pontoise","Pontoise, France","settlement",49.05,2.1,,
"Paix","p","Rochefort","Rochefort-en-Charente, France","settlement",45.93333,-0.98333,,
"Paix","p","Romme","Rome, Italy","settlement",41.89193," 12.51133",,
"Paix","p","Roye","Roye, France","settlement",49.7,2.79028,,
"Paix","p","Saint Aoys","Saint Aoys",,,,,
"Paix","p","Saint Denis","Saint Denis Abbey, France","landmark",48.935556,2.359722,,
"Paix","p","Saint Germain en Laye","Saint German en Laye, France",,48.898056,2.096389,,
"Paix","p","Saint Ouyn (chastel)","Saint Ouen","landmark",48.918936,2.331564,,
"Paix","p","Saint Pol","Saint Pol","landmark",48.854134,2.362303,,
"Paix","p","Hostel de Saint Pol","Saint Pol","landmark",48.854134,2.362303,,
"Paix","p","Sainte Catherine-du-val-des-Escolliers","Sainte Catherine du val des Ecoliers",,48.855381,2.362889,,
"Paix","p","Sainte Chappelle","Sainte Chapelle","landmark",48.8554,2.34504,,
"Paix","p","Secille","Sicily, Italy","island",37.5," 14",7,
"Paix","p","Lacedemone","Sparta, Greece","ancient settlement",37.07333,22.42972,,
"Paix","p","Troie","Troy","ancient settlement",39.95732,26.23909,,
"Paix","p","Venise","Venice, Italy","settlement",45.43713,12.33265,,
"Paix","p","Vienne","Vienne, France","settlement",45.51667,4.86667,,
"Paix","p","Viennoiz","Viennois, France","region",45.51667,4.86667,,
"Paix","p","Vilaines","Vilaine","river",48.2294,-1.0531,,
"Policie","p","Puille","Apulia, Italy","region",41.00164," 16.73378",,
"Policie","p","Armenie","Armenia","region",37,35.5,,
"Policie","p","Athenes","Athens, Greece","settlement",37.97945,23.71622,,
"Policie","p","Boulogne la Grace","Bologna, Italy","settlement",44.49381,11.33875,,
"Policie","p","Volques","Bolsena, Italy","settlement",42.64383,11.98506,,
"Policie","p","Bourgoingne","Burgundy, France","region",47,4.5,,
"Policie","p","Calcidie","Calcedonia","ancient settlement",40.98132," 29.05214",,
"Policie","p","Campagne","Campania, Italy","region",40.91056,14.92053,,
"Policie","p","Canes","Cannae, Apulia, Italy","ancient settlement",41.296389,16.151667,,
"Policie","p","Capue","Capua, Italy","settlement",41.10519,14.21269,,
"Policie","p","Affrique","Carthage, Tunisia","ancient settlement",36.86667,10.33333,,
"Policie","p","Cartage","Carthage, Tunisia","ancient settlement",36.86667,10.33333,,
"Policie","p","Corinte","Corinth, Greece","ancient settlement",37.90953,22.88353,,
"Policie","p","Crotonne","Crotone, Calabria, Italy","ancient settlement",39.0851,17.11781,,
"Policie","p","Egipte","Egypt","country",27,30,,
"Policie","p","Engleterre","England","country",52.16045," -0.70318",,
"Policie","p","Epire","Epirus","ancient region",39.01292," 20.73182",,
"Policie","p","Euletre","Eretria, Euboea, Greece","settlement",38.40097,23.8022,,
"Policie","p","Acrussie","Etruria","ancient region",43.01418,11.94791,,
"Policie","p","France","France","country",46," 2",,
"Policie","p","Galbine","Gabii, Lazio, Italy","ancient settlement",41.88333,12.71667,,
"Policie","p","Gaulles","Gaul","ancient region",45.75927,4.81989,,
"Policie","p","Jennes","Genova, Italy","settlement",44.4264,8.91519,,
"Policie","p","Alemaigne","Germany","country",51.5," 10.5",,
"Policie","p","Grece","Greece","country",39,22,,
"Policie","p","Inde","India","country",22,79,,
"Policie","p","Italie","Italy","country",42.83333," 12.83333",,
"Policie","p","Lacedemoine","Laconia, Greece","ancient region",37," 22.58333",,
"Policie","p","Lucitanie","Lusitania","ancient region",38.916667,-6.333333,,
"Policie","p","Lide","Lydia, Asia Minor","ancient region",40,30,,
"Policie","p","Macedoine","Macedonia","ancient region",40.8,22.516667,,
"Policie","p","Marathon","Marathon, Greece","settlement",38.15317,23.96278,,
"Policie","p","Megara","Megara, Greece","region",38.02724,23.2749,,
"Policie","p","Methapontus","Metaponto, Basicilate, Italy","ancient settlement",40.374444,16.81,,
"Policie","p","Orliens","Orleans, France","settlement",47.90289," 1.90389",,
"Policie","p","Peloponese","Peloponnese, Greece","region",37.62728,22.43958,,
"Policie","p","Perse","Persia","ancient region ",29,53,,
"Policie","p","Rouge Mer","Red Sea","sea",20.26735,38.53455,,
"Policie","p","Champ de Mars","Rome, Italy","settlement",41.89193," 12.51133",,
"Policie","p","Rome","Rome, Italy","settlement",41.89193," 12.51133",,
"Policie","p","Samos","Samos, Ionia, Greece","island",37.75,26.8,,
"Policie","p","Espaigne","Spain","country",40," -4",,
"Policie","p","Siracuse","Syracuse, Sicily, Italy","settlement",37.08415,15.27628,,
"Policie","p","Tarente","Taranto, Italy","settlement",40.41639,17.25478,,
"Policie","p","Thebes","Thebes, Greece","ancient settlement",38.325,23.31889,,
"Policie","p","Troie","Troy","ancient settlement",39.95732,26.23909,,
"Policie","p","Tosquane","Tuscany, Italy","region",43.41667," 11",,
"Policie","p","Venise","Venice, Italy","settlement",45.43713,12.33265,,
"Prison","p","Auvergne","Auvergne, France","region",45.33333," 3",,
"Prison","p","Berri","Berry, France","region",47,2,,
"Prison","p","Bourbon","Bourbon-l’Archambault, France","settlement",46.58666,3.05876," ",
"Prison","p","Bourgoingne","Burgundy, France","region",47,4.5,,
"Prison","p","Cartage","Carthage, Tunisia","ancient settlement",36.86667,10.33333,,
"Prison","p","Egipte","Egypt","country",27,30,,
"Prison","p","Eu","Eu, France","settlement",50.04722,1.41972,,
"Prison","p","France","France","country",46," 2",,
"Prison","p","Nevers","Nevers, France","settlement",46.98956,3.159,,
"Prison","p","Orient","Orient","region ",,,,
"Prison","p","Paradis","Paradise","region",,,,
"Prison","p","Paris","Paris, France","settlement",48.85341," 2.3488",1,
"Prison","p","Saint-Pol","Saint-Pol, France","landmark",48.854134,2.362303,,
"Prison","p","Espaignes","Spain","country",40," -4",,
"Prudence","p","Flourence","Florence, Italy","settlement",43.77925,11.24626," ",
"Prudence","p","France","France","country",46," 2",,
"Prudence","p","Paris","Paris, France","settlement",48.85341," 2.3488",1,
"Prudence","p","Troye","Troy","ancient settlement",39.95732,26.23909,,
"TroisV","p","Artois","Artois, France","region",50.5,2.5,,
"TroisV","p","Avignon","Avignon, France","settlement",43.94834,4.80892,,
"TroisV","p","Bretaigne","Brittany, France","region",48,-3,,
"TroisV","p","Bruisselles","Brussels, Belgium","settlement",50.85945,4.34878,,
"TroisV","p","Champaigne","Champagne, France","region",49,4.5,,
"TroisV","p","Corbeil","Corbeil, France","settlement",48.60603,2.48757,,
"TroisV","p","Chipre","Cyprus","island",35,33,,
"TroisV","p","Florence","Florence, Italy","settlement",43.77925,11.24626," ",
"TroisV","p","France","France","country",46," 2",,
"TroisV","p","Gastinois","Gâtinois, France","region",47.90289," 1.90389",,
"TroisV","p","Jennes","Genova, Italy","settlement",44.4264,8.91519,,
"TroisV","p","Royaume des Cieulx","Heaven",,,,,
"TroisV","p","Hongrie","Hungary","country",47,20,,
"TroisV","p","Israel","Israel","ancient region",32.14306,35.26062,,
"TroisV","p","Ytalie","Italy","country",42.83333," 12.83333",,
"TroisV","p","Jherusalem","Jerusalem","settlement",31.76904," 35.21633",,
"TroisV","p","Luques","Lucca, Italy","settlement",43.8497,10.47234,,
"TroisV","p","Montlehery","Montlhéry, France","settlement",48.64004,2.27465,,
"TroisV","p","Babiloine","Old Cairo, Egypt","settlement",30.00737,31.23927,,
"TroisV","p","Orliens","Orleans, France","settlement",47.90289," 1.90389",,
"TroisV","p","Paradis","Paradise","region",,,,
"TroisV","p","Paris","Paris, France","settlement",48.85341," 2.3488",12,
"TroisV","p","Parlement","Parliament, Paris","landmark",48.855807,2.344573,,
"TroisV","p","Perse","Persia","ancient region ",29,53,,
"TroisV","p","Picardie","Picardy","region",50,3.5,,
"TroisV","p","Rains","Reims, France","settlement",49.25,4.03333,,
"TroisV","p","Salberieuse","Salisbury, England","settlement",51.06931,-1.79569,,
"TroisV","p","Venise","Venice, Italy","settlement",45.43713,12.33265,,
"Psaumes","p","Jourdain","Jordan","river",31.76333,35.5575," ",
"Psaumes","p","Jherusalem","Jerusalem","settlement",31.76904," 35.21633",,
"Psaumes","p","Temple","Temple Mount, Jerusalem","landmark",31.777972,35.235806,,
"Psaumes","p","Calvaire (mont)","Mount Calvary","mountain",31.778611,35.229444,,
"Psaumes","p","Olivet (mont)","Mount of Olives","mountain",31.78024,35.24646,,
"Psaumes","p","Ninive","Ninive, Assyria","ancient settlement",36.36762,43.15838,,
"Psaumes","p","Cecile","Sicily, Italy","island",37.5," 14"," ",
"Psaumes","p","Navarre","Navarra, Spain","region",42.75,-1.66667," ",
"Psaumes","p","France","France","country",46," 2",,
"Psaumes","p","Berry","Berry, France","region",47,2,,
"Psaumes","p","Bourgongne","Burgundy, France","region",47,4.5,,
"Psaumes","p","Paris","Paris, France","settlement",48.85341," 2.3488",2,
